Timestamp,Milliseconds,X_acc,Y_acc,Z_acc,X_gyro,Y_gyro,Z_gyro,label
2019-10-31 14:39:30,3,-1.7159512,2.3294773,-0.9041052,0.84591496,3.0247266,0.8912677,2
2019-10-31 14:39:30,13,-5.9175315,0.406034,-1.9998131,0.45656112,-0.12152909,1.9085944,2
2019-10-31 14:39:31,23,-4.877743,0.15263462,0.028737068,0.14976524,-0.5593524,2.5147295,2
2019-10-31 14:39:31,33,-2.1470275,-0.5735769,0.6808319,-0.1575633,-0.40701973,2.8481567,2
2019-10-31 14:39:31,42,0.67993635,-0.9080224,0.8627758,-0.44411916,-0.10341962,2.8774517,2
2019-10-31 14:39:31,53,2.9002976,-0.672266,1.2044716,-0.59538656,0.27474892,2.6819758,2
2019-10-31 14:39:31,63,4.078805,-0.31796837,1.100934,-0.57727706,0.73600805,2.333102,2
2019-10-31 14:39:31,73,4.3664494,-0.4419403,0.21042156,-0.42707494,1.198865,1.9432153,2
2019-10-31 14:39:31,83,4.395292,-1.012856,-1.177702,-0.24598017,1.3906125,1.5554594,2
2019-10-31 14:39:31,93,4.243814,-2.6537235,-2.3010473,-0.071809575,1.2787598,1.028154,2
2019-10-31 14:39:31,103,3.533135,-3.2249305,-2.9082794,0.05921783,0.8015218,0.5242844,2
2019-10-31 14:39:31,113,2.598591,-2.0367515,-2.5431638,0.15828733,-0.026188007,0.22281484,2
2019-10-31 14:39:31,123,2.6189122,-1.3789315,-1.7192783,0.29410842,-0.73352295,0.04278531,2
2019-10-31 14:39:31,133,3.2400794,-1.9335024,-0.79120636,0.37666637,-0.8986388,-0.24057479,2
2019-10-31 14:39:31,143,3.9896767,-2.3321364,-0.07304001,0.33086005,-0.48584923,-0.53032637,2
2019-10-31 14:39:31,153,4.129115,-2.4752529,-0.4062729,0.19450629,0.04465202,-0.62566745,2
2019-10-31 14:39:31,164,4.416966,-3.0444837,-0.28951263,-0.14158435,1.3075219,-0.728998,2
2019-10-31 14:39:31,172,5.0441837,-3.5687938,-0.25463772,-0.35144126,2.102741,-0.7742718,2
2019-10-31 14:39:31,183,4.970748,-4.186845,0.15812397,-0.5186876,2.6454928,-0.8957118,2
2019-10-31 14:39:31,192,4.254837,-5.0159745,0.30558777,-0.74186033,2.3062065,-1.2855983,2
2019-10-31 14:39:31,202,2.2380984,-4.737866,0.88822556,-1.0225574,1.3517303,-1.7623037,2
2019-10-31 14:39:31,212,-0.369498,-3.5538952,1.5932455,-1.0763532,0.89686286,-1.8224912,2
2019-10-31 14:39:31,223,-1.7245492,-3.6553655,2.7337332,-0.88087714,0.16715732,-1.1487119,2
2019-10-31 14:39:31,232,-1.2641093,-4.2400146,2.9002266,-0.625214,-0.0730596,-0.4333875,2
2019-10-31 14:39:31,242,-0.111667156,-3.79763,3.0843458,-0.34664756,-0.29516706,0.16316009,2
2019-10-31 14:39:31,253,1.854543,-0.3666153,3.3500366,-0.10536537,-0.4304555,0.34052646,2
2019-10-31 14:39:31,262,2.0817156,0.8250675,3.3690891,0.09330626,-0.43578184,0.107233755,2
2019-10-31 14:39:31,272,1.869215,2.5926766,3.1704273,0.20995261,-0.270666,-0.38278747,2
2019-10-31 14:39:31,282,0.70215595,3.4761524,2.4392347,0.26374844,0.03985833,-0.8754718,2
2019-10-31 14:39:31,293,-0.12233007,3.4450803,1.2705812,0.26268318,0.043586757,-1.1945183,2
2019-10-31 14:39:31,302,-0.5536678,3.535818,0.6343498,0.07945784,-0.5140787,-1.4288763,2
2019-10-31 14:39:31,312,-1.8737253,3.263794,0.2011671,-0.21242437,-1.0653524,-1.5124995,2
2019-10-31 14:39:31,323,-2.0395432,2.3429365,0.7930336,-0.518155,-1.0232747,-1.3399268,2
2019-10-31 14:39:31,332,-1.9152236,1.4857612,1.4682169,-0.81003714,-0.2573502,-0.9260718,2
2019-10-31 14:39:31,342,-1.5478338,0.79375744,1.441638,-0.985273,0.8047176,-0.384918,2
2019-10-31 14:39:31,353,-0.94349957,1.1277485,0.3508358,-1.0268184,1.3794272,-0.062143147,2
2019-10-31 14:39:31,362,0.08678508,1.8028111,-1.1798525,-0.9133677,0.92722285,-0.18411581,2
2019-10-31 14:39:31,372,0.94179064,1.862916,-2.5458455,-0.58366865,-0.1785207,-0.59104645,2
2019-10-31 14:39:31,382,0.89558053,1.5650649,-3.084371,-0.13732329,-1.3252769,-0.953236,2
2019-10-31 14:39:31,393,0.19404054,1.3809009,-3.295764,0.19929998,-2.1370077,-1.142853,2
2019-10-31 14:39:31,402,-0.5660908,1.1009135,-3.4482188,0.35642636,-2.470968,-1.2083668,2
2019-10-31 14:39:31,412,-1.1043458,0.9841294,-3.4653425,0.4038306,-2.3452668,-1.2259437,2
2019-10-31 14:39:31,423,-1.4664444,0.6565461,-3.2229528,0.46188745,-1.8456581,-1.2483141,2
2019-10-31 14:39:31,432,-2.0913067,-0.24746513,-2.7629685,0.61262226,-1.0600262,-1.2062362,2
2019-10-31 14:39:31,442,-2.7638724,-1.2205522,-3.6292958,0.80543494,-0.70635873,-1.0038362,2
2019-10-31 14:39:31,452,-5.124975,-1.0274961,-4.5217233,1.0610981,-0.5476345,-0.7258023,2
2019-10-31 14:39:31,463,-6.209569,0.17080164,-5.383818,1.4003845,-0.95776093,-0.46694326,2
2019-10-31 14:39:31,472,-6.187722,2.4817657,-5.7419243,1.7018541,-1.7833402,-0.15908213,2
2019-10-31 14:39:31,482,-5.7307515,5.183635,-5.1730227,1.7609762,-2.360713,0.08006953,2
2019-10-31 14:39:31,492,-5.512588,6.015524,-4.3002625,1.4616371,-2.2003908,0.21322748,2
2019-10-31 14:39:31,503,-4.333924,3.9469166,-3.1509218,0.89065605,-1.5207527,0.245718,2
2019-10-31 14:39:31,512,-1.9903097,1.4575982,-1.494484,0.2696074,-0.32819024,0.12534323,2
2019-10-31 14:39:31,523,-2.3483045,-0.5343013,0.5698328,-0.2768728,1.1839514,0.13546324,2
2019-10-31 14:39:31,532,-2.7264225,-2.5234456,3.518713,-0.5048392,2.4947581,0.33360225,2
2019-10-31 14:39:31,542,-2.8862147,-2.3314161,4.833418,-0.24917595,3.1227307,0.6489203,2
2019-10-31 14:39:31,553,-3.3675785,-1.9793117,4.809904,0.2530958,3.5238025,1.1479962,2
2019-10-31 14:39:31,562,-3.8542943,-0.5990448,2.9995499,0.68506014,3.6899836,1.7184448,2
2019-10-31 14:39:31,572,-4.1090083,1.7577801,0.20550823,0.86189395,3.1190026,1.9501396,2
2019-10-31 14:39:31,582,-3.0545528,2.3548608,-1.886107,0.7340623,2.079838,1.8478743,2
2019-10-31 14:39:31,592,-1.7896551,0.98328495,-1.683568,0.20888735,0.98101866,1.786089,2
2019-10-31 14:39:31,603,-3.0023212,0.6822686,-0.43366337,-0.18632542,0.90218914,2.2276409,2
2019-10-31 14:39:31,612,-3.8417883,0.66151285,-0.43977928,-0.3775402,0.9623766,2.4497483,2
2019-10-31 14:39:31,622,-2.9722657,-0.1369276,-0.9779906,-0.9943277,0.7248228,2.9237905,2
2019-10-31 14:39:31,632,-1.9352889,-0.42433977,-1.989336,-1.3511912,-0.14283435,3.249761,2
2019-10-31 14:39:31,643,0.3645603,-0.78812885,-0.16758823,-1.7586545,-0.5854513,3.5389802,2
2019-10-31 14:39:31,652,1.063834,-1.303278,0.96922207,-1.9621198,-0.590245,3.6657465,2
2019-10-31 14:39:31,662,1.2965952,-1.115634,1.24932,-1.5690376,-1.1985104,3.6977046,2
2019-10-31 14:39:31,672,2.6554005,-2.2280114,1.9472065,-1.1338774,-1.376942,3.2945023,2
2019-10-31 14:39:31,683,2.5733588,-2.8799124,2.1395254,-0.7429256,-1.1266052,3.03298,2
2019-10-31 14:39:31,692,2.4783998,-4.9603953,2.1783638,-0.5357318,-0.6232682,2.963738,2
2019-10-31 14:39:31,702,2.3993707,-6.413851,1.9452524,-0.41216126,-0.07252697,2.9754558,2
2019-10-31 14:39:31,712,2.7881074,-6.5221395,1.5124283,-0.24757805,0.24279103,2.9339106,2
2019-10-31 14:39:31,723,3.709432,-6.2161746,1.7211866,0.06667468,0.2624984,2.7709253,2
2019-10-31 14:39:31,732,5.370504,-4.9547377,1.5008221,0.52047694,0.1868647,2.2393587,2
2019-10-31 14:39:31,742,6.1420465,-4.191142,0.76567554,1.0073023,-0.17585753,1.4675752,2
2019-10-31 14:39:31,752,6.2143307,-3.9290466,0.14792919,1.378014,-0.901302,0.6792803,2
2019-10-31 14:39:31,763,5.534678,-4.0981903,-0.52878475,1.4254181,-1.3508432,-0.029119976,2
2019-10-31 14:39:31,772,5.150327,-4.682713,-0.59600925,1.3860034,-1.3050368,-0.28957692,2
2019-10-31 14:39:31,783,4.407937,-6.707096,-1.2355413,1.0291402,-0.39050815,-0.6517665,2
2019-10-31 14:39:31,792,3.9212132,-7.7416506,-2.401308,0.4309948,0.3434584,-0.6650823,2
2019-10-31 14:39:31,803,4.0955806,-7.748215,-2.8711858,-0.29285175,0.8190986,-0.60649276,2
2019-10-31 14:39:31,812,4.7971454,-6.8265247,-1.7000918,-0.73120767,0.91230917,-0.5116843,2
2019-10-31 14:39:31,822,6.1008306,-5.173997,0.13692188,-0.6875318,0.52987957,-0.5138148,2
2019-10-31 14:39:31,832,7.272906,-3.8222275,1.4801111,-0.2784707,-0.29356918,-0.674137,2
2019-10-31 14:39:31,843,7.8586144,-3.027246,2.589738,0.02459677,-0.81554824,-0.78918546,2
2019-10-31 14:39:31,852,8.002425,-1.8824077,3.7048702,1.2794771,-2.0917342,-1.320752,2
2019-10-31 14:39:31,862,8.180693,-0.6212473,3.0935163,2.0874796,-2.3063848,-1.8256869,2
2019-10-31 14:39:31,873,7.534885,1.1370997,0.24522781,2.254726,-2.4645765,-2.3742976,2
2019-10-31 14:39:31,883,6.351322,2.5802755,-2.398615,1.6922667,-2.6728354,-2.8488724,2
2019-10-31 14:39:31,892,4.4572716,3.7812357,-3.9350882,0.5029001,-2.677629,-3.075241,2
2019-10-31 14:39:31,902,2.0362935,3.6768374,-3.6129608,-0.9831425,-2.4544563,-3.077904,2
2019-10-31 14:39:31,912,1.5540165,2.1997523,-0.7647891,-2.1831617,-2.2153046,-3.0139883,2
2019-10-31 14:39:31,924,1.1226351,1.8693233,2.9691076,-2.7312398,-2.1428666,-2.9777694,2
2019-10-31 14:39:31,932,0.27553666,2.0689864,6.0950136,-2.6801074,-2.3527236,-2.8957438,2
2019-10-31 14:39:31,943,-0.6354329,2.559473,7.564027,-2.2103262,-2.5290246,-2.8041313,2
2019-10-31 14:39:31,952,-0.89802045,2.6592455,7.175331,-1.6180397,-2.8139827,-2.7934787,2
2019-10-31 14:39:31,962,-0.9950735,2.6730895,5.4333467,-1.0742227,-3.2747092,-2.8488724,2
2019-10-31 14:39:31,973,-1.6042199,2.5949035,3.301549,-0.69232553,-3.7221198,-2.8749714,2
2019-10-31 14:39:31,982,-2.451708,1.447751,1.1803818,-0.54318863,-3.885638,-2.7471397,2
2019-10-31 14:39:31,992,-3.6410768,0.48897982,-0.6121216,-0.6449213,-3.7940252,-2.4808238,2
2019-10-31 14:39:31,1002,-4.3044167,0.035587788,-1.5763769,-0.8744856,-3.5761786,-2.2129102,2
2019-10-31 14:39:31,1013,-4.206496,-0.16133833,-1.2674408,-1.0965931,-3.3929534,-2.064306,2
2019-10-31 14:39:32,1022,-4.4096246,-0.02540493,0.47642326,-1.0236226,-2.806526,-1.9348764,2
2019-10-31 14:39:32,1033,-4.6465187,0.42114305,2.2457294,-0.8633003,-2.5055888,-1.9242238,2
2019-10-31 14:39:32,1042,-4.1027694,1.1901927,2.853755,-0.06168958,-1.7615023,-2.2906744,2
2019-10-31 14:39:32,1053,-3.297486,1.6093497,2.5151968,0.24617155,-1.5495149,-2.5202386,2
2019-10-31 14:39:32,1062,-4.5828032,2.8881116,1.4242868,0.8017065,-1.2485778,-2.9772365,2
2019-10-31 14:39:32,1072,-6.871368,4.361312,0.68569946,1.302913,-0.9566956,-3.3532746,2
2019-10-31 14:39:32,1082,-9.121862,4.9656444,-0.66234493,1.6336772,-0.559885,-3.4896286,2
2019-10-31 14:39:32,1092,-11.140813,3.8652406,-2.58527,1.5452603,-0.5524282,-3.4182558,2
2019-10-31 14:39:32,1103,-12.9518175,3.289205,-3.0884528,1.1937233,-0.67599875,-3.1056008,2
2019-10-31 14:39:32,1112,-13.888359,3.1545753,-1.5323625,0.7740097,-0.72926193,-2.180952,2
2019-10-31 14:39:32,1122,-13.631019,3.5161562,2.9496918,0.82354444,-0.30848283,-1.3548405,2
2019-10-31 14:39:32,1132,-13.163985,3.8099751,4.4440293,1.1878644,0.5836754,-0.5052927,2
2019-10-31 14:39:32,1143,-9.11379,3.0083013,7.997462,1.7732267,1.6745051,0.13865903,2
2019-10-31 14:39:32,1153,-5.2572746,0.069322586,8.030399,2.404928,2.48304,0.3410591,2
2019-10-31 14:39:32,1162,-4.076844,-0.7802458,7.9344225,3.063261,3.0785224,0.29045907,2
2019-10-31 14:39:32,1173,-4.2730827,-0.60778856,6.617382,3.7125392,3.2175393,0.32348225,2
2019-10-31 14:39:32,1182,-5.868738,-1.222476,4.6469026,4.2510295,2.6673305,0.6041792,2
2019-10-31 14:39:32,1192,-8.186188,-2.1218543,2.8561392,4.487518,1.728301,1.1820846,2
2019-10-31 14:39:32,1203,-10.156928,-2.6610818,2.045999,4.427863,1.0816861,2.032165,2
2019-10-31 14:39:32,1212,-10.214626,-2.6497574,1.5140438,4.0001607,0.95598495,2.9733255,2
2019-10-31 14:39:32,1222,-7.893399,-3.123094,0.53757524,3.244356,1.3687745,3.7818604,2
2019-10-31 14:39:32,1233,-4.4731817,-4.365617,-0.8667326,2.2185068,1.8571979,4.2814693,2
2019-10-31 14:39:32,1242,-1.3980372,-5.22974,-1.1986852,1.1601676,2.0169873,4.4913263,2
2019-10-31 14:39:32,1252,0.92561996,-5.1506805,-0.24413013,0.2797274,1.8151201,4.486532,2
2019-10-31 14:39:32,1262,3.1907046,-5.1692867,1.589642,-0.3391907,1.4859536,4.3379283,2
2019-10-31 14:39:32,1273,5.164953,-6.2516184,3.219696,-0.72641397,1.4113852,3.961357,2
2019-10-31 14:39:32,1282,6.241372,-7.748806,3.919783,-1.0310794,1.6281662,3.5256646,2
2019-10-31 14:39:32,1292,6.762739,-9.128327,3.996272,-1.3421364,2.1160567,3.1139402,2
2019-10-31 14:39:32,1303,6.7075043,-10.389122,3.4792433,-1.6585196,2.73604,2.6873019,2
2019-10-31 14:39:32,1312,6.3088274,-11.047243,2.6495,-1.8529302,3.212213,2.2659903,2
2019-10-31 14:39:32,1323,5.889796,-11.034387,1.8087358,-1.8374839,3.4870508,1.8579942,2
2019-10-31 14:39:32,1332,5.627124,-11.049957,0.7684164,-1.6047239,3.5552278,1.45639,2
2019-10-31 14:39:32,1342,5.3002577,-10.8887005,-0.60817003,-1.049189,3.2660089,1.0015224,2
2019-10-31 14:39:32,1352,4.787048,-9.966213,-2.1520948,-0.6577045,2.8340445,0.75065297,2
2019-10-31 14:39:32,1362,4.295397,-8.746987,-3.5546231,-0.3104286,2.3157938,0.5354698,2
2019-10-31 14:39:32,1373,3.8339775,-7.930044,-5.12095,-0.20922858,2.0430863,0.45397702,2
2019-10-31 14:39:32,1382,3.4535406,-6.838599,-6.858136,-0.4595655,1.1940713,0.3245475,2
2019-10-31 14:39:32,1392,3.830176,-5.7333484,-8.395321,-1.0992564,0.56130487,0.20949905,2
2019-10-31 14:39:32,1403,4.910162,-4.8358006,-8.43234,-1.918444,-0.016600633,-0.013673656,2
2019-10-31 14:39:32,1412,6.297019,-4.289985,-6.4590406,-2.6263115,-0.2813186,-0.29224005,2
2019-10-31 14:39:32,1422,7.238487,-3.934904,-3.1341462,-3.0678632,-0.24563228,-0.57986116,2
2019-10-31 14:39:32,1433,7.729644,-3.5298781,2.7294097,-3.0907662,-0.032046955,-0.77533704,2
2019-10-31 14:39:32,1442,7.7548294,-3.0730522,4.7428446,-2.5634608,0.2976521,-0.92553914,2
2019-10-31 14:39:32,1452,8.173499,-1.1443243,7.8262115,-1.5887449,0.4084395,-1.189192,2
2019-10-31 14:39:32,1462,8.657798,2.8048863,8.613743,-0.502176,0.19378892,-1.631809,2
2019-10-31 14:39:32,1472,8.548854,4.062155,7.743249,0.33245793,-0.4565545,-2.1367438,2
2019-10-31 14:39:32,1483,6.918698,6.5361657,3.752554,0.74311703,-1.4216832,-2.6565924,2
2019-10-31 14:39:32,1492,4.6469665,7.386829,0.8702326,0.6046328,-2.5189047,-3.0107925,2
2019-10-31 14:39:32,1502,4.2085114,7.5809436,-0.305871,0.03737993,-3.5202525,-3.2627273,2
2019-10-31 14:39:32,1512,0.61656475,8.7946,0.13148975,-0.649715,-4.0992227,-3.2339652,2
2019-10-31 14:39:32,1522,-1.9830928,8.766843,1.6733599,-1.3884754,-4.133844,-2.80786,2
2019-10-31 14:39:32,1532,-3.8217685,7.8409863,3.675294,-2.0734396,-3.6864336,-2.2896092,2
2019-10-31 14:39:32,1543,-3.8940277,5.9948616,6.6140814,-2.5549388,-2.745273,-1.6872027,2
2019-10-31 14:39:32,1552,-1.8040972,3.6664147,8.526695,-2.710467,-1.4014432,-1.2951857,2
2019-10-31 14:39:32,1562,-0.8661046,2.5550947,9.719236,-2.3296356,-0.36973548,-1.2200847,2
2019-10-31 14:39:32,1572,0.2336483,3.0186176,9.389447,-1.4603807,0.0020414775,-1.3191543,2
2019-10-31 14:39:32,1582,0.8242364,3.1009789,7.6901026,-0.2971128,-0.25308913,-1.5833395,2
2019-10-31 14:39:32,1593,-0.11619282,2.4299026,5.0825415,0.8581655,-0.9268683,-1.8709606,2
2019-10-31 14:39:32,1602,-2.3417664,1.8908815,2.1194391,1.7146373,-1.6730855,-1.937007,2
2019-10-31 14:39:32,1612,-4.2575297,1.6763592,-0.13304901,2.1258292,-2.0965278,-1.7862723,2
2019-10-31 14:39:32,1623,-4.524583,1.4765487,-1.6234426,2.1295574,-2.0299487,-1.621689,2
2019-10-31 14:39:32,1632,-5.426234,1.2548499,-2.2081943,1.9212983,-1.2549695,-1.5274131,2
2019-10-31 14:39:32,1642,-6.30381,1.8759704,-2.8940678,1.5362056,-0.060276438,-1.4757478,2
2019-10-31 14:39:32,1652,-6.9988556,2.033228,-3.6711283,1.0983824,0.99966073,-1.4230174,2
2019-10-31 14:39:32,1663,-8.150728,2.583531,-3.9093347,0.8160876,1.5195093,-1.3148931,2
2019-10-31 14:39:32,1672,-9.000479,3.162938,-3.6656518,0.7505739,1.2084525,-1.0352614,2
2019-10-31 14:39:32,1682,-9.26152,3.685522,-2.00108,0.9588329,0.3679595,-0.6624191,2
2019-10-31 14:39:32,1692,-8.771733,3.3226995,0.45204163,1.4307445,-0.43737975,-0.27413058,2
2019-10-31 14:39:32,1703,-6.8783946,2.4202676,2.9805179,2.0555215,-0.9753378,0.0007074018,2
2019-10-31 14:39:32,1712,-4.4460745,0.8690934,4.9479485,2.6073282,-0.9242051,0.15357272,2
2019-10-31 14:39:32,1722,-2.4797673,-0.34003353,6.2945714,2.938625,-0.15881331,0.20736852,2
2019-10-31 14:39:32,1732,-1.1937809,-0.980021,6.8024554,3.0547388,0.98048604,0.15623586,2
2019-10-31 14:39:32,1743,-0.5366447,-1.0068607,6.62053,3.0419557,2.039358,0.10670111,2
2019-10-31 14:39:32,1752,-1.0811911,-0.45214462,6.138889,3.035564,2.7632043,0.109896906,2
2019-10-31 14:39:32,1762,-2.617018,0.010913372,5.202538,3.0653915,2.931516,0.2340001,2
2019-10-31 14:39:32,1773,-4.1916456,0.7291088,4.111636,3.0984147,2.559739,0.49179387,2
2019-10-31 14:39:32,1782,-5.1674833,1.6771145,2.8536553,3.0073345,1.8694484,0.8465267,2
2019-10-31 14:39:32,1793,-5.0587535,2.3653717,1.5335908,2.6004038,1.0992628,1.2705014,2
2019-10-31 14:39:32,1803,-3.3916898,1.6512947,0.7982378,1.3838729,0.7727596,1.7663815,2
2019-10-31 14:39:32,1812,-1.2187896,0.96291924,0.54551935,0.89225394,0.8409365,1.8180468,2
2019-10-31 14:39:32,1822,-0.048980117,0.7014332,0.45986652,-0.6092349,0.9916713,1.8127205,2
2019-10-31 14:39:32,1832,0.9110402,-0.52251434,0.53801584,-1.0800816,1.042804,1.7930131,2
2019-10-31 14:39:32,1843,1.808405,-2.2384315,1.0036516,-1.9040629,1.2404103,1.71951,2
2019-10-31 14:39:32,1852,2.415761,-3.9756656,1.6396217,-2.7131305,1.6691788,1.561851,2
2019-10-31 14:39:32,1862,2.767613,-5.5792627,2.0026145,-2.916596,1.8513389,1.4462699,2
2019-10-31 14:39:32,1872,2.9725459,-7.7527456,1.7502751,-2.8782463,1.8907537,1.3381457,2
2019-10-31 14:39:32,1882,2.8339357,-8.840547,1.0162134,-2.6481493,1.7634548,1.2726319,2
2019-10-31 14:39:32,1892,2.79931,-9.420749,0.64100885,-2.2380228,1.4811598,1.2784909,2
2019-10-31 14:39:32,1902,3.2303119,-10.662515,-0.4510932,-1.7080544,1.1328188,1.2960677,2
2019-10-31 14:39:32,1913,3.749677,-11.521452,-0.94391155,-1.1413343,0.9171028,1.2918067,2
2019-10-31 14:39:32,1922,4.002779,-11.701008,-1.1226745,-0.5367971,0.8643723,1.1730299,2
2019-10-31 14:39:32,1933,4.3994465,-11.445631,-1.4907227,0.12632942,0.96290916,0.96849936,2
2019-10-31 14:39:32,1942,4.3417377,-10.881061,-2.0829687,0.8027718,1.1711681,0.67714983,2
2019-10-31 14:39:32,1952,3.287496,-9.462684,-4.28995,1.4137003,1.277162,0.38846332,2
2019-10-31 14:39:32,1962,2.9322677,-9.2964525,-6.709858,1.8030542,1.0518587,0.17328009,2
2019-10-31 14:39:32,1973,3.4728112,-9.348607,-9.47565,1.8850794,0.29179314,-0.046696827,2
2019-10-31 14:39:32,1982,3.5994759,-9.500915,-10.679392,1.6256877,-0.8661483,-0.22459583,2
2019-10-31 14:39:32,1992,2.807662,-9.229151,-11.912986,1.0339338,-1.9681634,-0.26188004,2
2019-10-31 14:39:32,2002,3.0544794,-8.697524,-11.401413,0.15881996,-2.6946733,-0.17293057,2
2019-10-31 14:39:32,2013,4.289256,-8.199633,-8.125932,-0.81962454,-2.6536605,-0.12552632,2
2019-10-31 14:39:33,2022,5.789587,-7.4370337,-3.9678864,-1.4491954,-1.5212853,-0.21607372,2
2019-10-31 14:39:33,2033,7.409475,-7.052662,-0.9317794,-1.8955408,-0.23551229,-0.36947167,2
2019-10-31 14:39:33,2042,9.177983,-4.328644,1.4513621,-1.8135155,0.8345449,-0.8136865,2
2019-10-31 14:39:33,2052,9.820058,-1.189167,1.9438047,-1.3357447,0.9240271,-1.5002489,2
2019-10-31 14:39:33,2062,8.682426,2.1017537,0.5012436,-0.74186033,-0.18278174,-2.2656407,2
2019-10-31 14:39:33,2072,6.5258102,5.517824,-1.9468479,-0.39245388,-2.7612522,-2.8515358,2
2019-10-31 14:39:33,2083,3.251947,7.1363187,-2.6908436,-0.70031506,-5.627876,-3.0017378,2
2019-10-31 14:39:33,2092,2.0037332,6.6727223,-0.48569107,-1.6750313,-7.1884866,-2.534087,2
2019-10-31 14:39:33,2102,3.9600594,5.319682,4.3657007,-2.972522,-7.107527,-1.7047796,2
2019-10-31 14:39:33,2113,8.388115,4.3347692,11.199608,-4.1293983,-5.349842,-1.1604298,2
2019-10-31 14:39:33,2122,11.135835,3.3449273,17.679186,-4.666291,-2.441673,-1.1902572,2
2019-10-31 14:39:33,2132,9.825974,2.6244993,19.89598,-4.4740114,0.17141838,-1.4453878,2
2019-10-31 14:39:33,2143,7.437484,3.3724031,17.908447,-3.6590843,1.4401473,-1.8049144,2
2019-10-31 14:39:33,2152,6.285753,4.27457,13.105691,-2.3189828,0.8302839,-2.4307563,2
2019-10-31 14:39:33,2162,3.3266509,4.6189,8.08156,0.08478416,-2.7287617,-3.237161,2
2019-10-31 14:39:33,2173,-1.5238802,3.283259,4.3433676,0.7180833,-3.9325094,-3.2675211,2
2019-10-31 14:39:33,2182,-5.944294,1.5835934,1.9853168,1.5772183,-5.617756,-2.9900198,2
2019-10-31 14:39:33,2192,-8.753382,1.1405787,0.48261595,1.8142394,-6.06996,-2.380689,2
2019-10-31 14:39:33,2203,-9.680072,1.4528942,-0.7873049,1.147917,-4.6462355,-1.5231521,2
2019-10-31 14:39:33,2212,-9.883108,2.3281198,-1.840035,0.77028126,-3.8020146,-1.3601668,2
2019-10-31 14:39:33,2223,-10.939981,4.4090576,-2.6553254,-0.3642244,-1.2357948,-1.1881267,2
2019-10-31 14:39:33,2232,-11.707288,5.04982,-2.7304811,-0.78606874,-0.12898593,-1.2259437,2
2019-10-31 14:39:33,2243,-13.348188,6.661258,-2.6839375,-0.85690874,0.11176361,-1.2738804,2
2019-10-31 14:39:33,2253,-15.310862,8.522964,-1.9480071,-0.44145602,-0.27119863,-1.4480511,2
2019-10-31 14:39:33,2262,-15.798567,8.8976755,-1.3665981,0.18119049,-1.0781357,-1.4656278,2
2019-10-31 14:39:33,2272,-16.718004,9.02305,0.22306967,0.51248753,-1.4387274,-1.3841351,2
2019-10-31 14:39:33,2282,-16.82096,8.536413,3.038476,1.3966562,-1.7156959,-0.7700107,2
2019-10-31 14:39:33,2292,-12.976733,5.21263,7.8936267,1.8099784,-1.0147525,-0.42539802,2
2019-10-31 14:39:33,2303,-9.979921,3.377036,10.59697,2.2233007,0.43453842,-0.31514323,2
2019-10-31 14:39:33,2312,-8.653631,2.513383,11.485585,2.7372904,2.0239115,-0.26347795,2
2019-10-31 14:39:33,2322,-5.4317126,0.6740818,10.863589,3.2890968,3.0055518,-0.237379,2
2019-10-31 14:39:33,2333,-4.6862235,0.4725852,9.198038,3.7929664,3.0353792,-0.2139432,2
2019-10-31 14:39:33,2342,-4.5225444,-0.24784851,7.9321146,4.180722,2.6193938,-0.16494107,2
2019-10-31 14:39:33,2352,-4.9625196,-0.87851954,7.0968137,4.442777,2.1501453,0.07048216,2
2019-10-31 14:39:33,2363,-5.320812,-0.99769735,6.5211763,4.5210743,1.7927494,0.5338718,2
2019-10-31 14:39:33,2372,-4.549488,-0.6720853,5.555348,4.2728677,1.5498694,1.084613,2
2019-10-31 14:39:33,2382,-3.2962015,0.017974854,4.635553,3.6619391,1.4742357,1.5506657,2
2019-10-31 14:39:33,2392,-0.86235714,-0.15242672,4.1558323,2.7500737,1.5429451,1.8963437,2
2019-10-31 14:39:33,2403,2.487229,-1.4071517,4.2712636,1.707713,1.6665157,2.0348282,2
2019-10-31 14:39:33,2412,5.1969633,-2.510974,5.2336655,0.75696546,1.6670483,1.9442806,2
2019-10-31 14:39:33,2422,7.024003,-4.0045986,6.640567,0.1140789,1.6255031,1.6939437,2
2019-10-31 14:39:33,2433,7.383374,-6.0766654,7.280804,-0.25237173,1.6681136,1.4063226,2
2019-10-31 14:39:33,2442,6.1248703,-8.421382,6.6198397,-0.53093815,1.8348273,1.2444024,2
2019-10-31 14:39:33,2453,5.064986,-11.105639,5.818659,-0.72854453,2.127242,1.2784909,2
2019-10-31 14:39:33,2462,4.44591,-12.805484,5.513442,-0.63746446,2.5885012,1.3988657,2
2019-10-31 14:39:33,2472,4.642552,-13.464067,4.197521,-0.21668543,2.9682677,1.45639,2
2019-10-31 14:39:33,2483,4.934888,-13.026774,1.1971374,0.38944954,2.8212612,1.3972678,2
2019-10-31 14:39:33,2492,6.026059,-12.490597,-2.303763,0.99451923,2.0611959,1.1938025,2
2019-10-31 14:39:33,2502,6.733913,-12.292339,-5.59394,1.3439255,1.0784903,0.89233303,2
2019-10-31 14:39:33,2513,6.4967427,-12.028511,-7.8267527,1.2922602,0.42282054,0.60151607,2
2019-10-31 14:39:33,2522,6.0995855,-12.224942,-9.168772,0.8672202,0.23373629,0.41775805,2
2019-10-31 14:39:33,2533,5.845973,-12.718641,-10.058161,0.16521154,0.39565632,0.36183172,2
2019-10-31 14:39:33,2542,5.553311,-12.406342,-10.804417,-0.71948975,0.43027738,0.4523791,2
2019-10-31 14:39:33,2552,6.0813475,-11.220962,-10.091236,-1.5701028,0.18260364,0.5445245,2
2019-10-31 14:39:33,2562,7.109514,-9.64113,-7.4654937,-2.139486,-0.10555014,0.5866024,2
2019-10-31 14:39:33,2574,8.862731,-7.7515693,-4.6315913,-2.3067324,-0.4906429,0.47794545,2
2019-10-31 14:39:33,2586,11.008995,-4.5208836,-1.4247365,-2.3067324,-0.4906429,0.47794545,2
2019-10-31 14:39:33,2592,11.236986,-3.6732063,-0.4785161,-1.9567934,-1.7423275,-0.14097264,2
2019-10-31 14:39:33,2602,10.659914,-1.014648,2.8351746,-1.6499976,-2.1476603,-0.49410748,2
2019-10-31 14:39:33,2612,9.309708,0.590148,4.441409,-1.3453321,-2.0997236,-0.6262001,2
2019-10-31 14:39:33,2623,6.5287676,2.2614684,3.8196445,-1.067831,-2.0054476,-0.6826591,2
2019-10-31 14:39:33,2632,3.4550734,3.3610215,0.9755788,-0.9980562,-2.3287551,-0.6091559,2
2019-10-31 14:39:33,2642,0.37909412,4.695965,-1.879457,-1.1983259,-3.049406,-0.40302747,2
2019-10-31 14:39:33,2652,-1.2815206,5.5519056,-3.4250011,-1.5764945,-4.0038815,-0.028587345,2
2019-10-31 14:39:33,2663,-0.596158,5.9304905,-2.7814903,-2.0260355,-5.028665,0.39698544,2
2019-10-31 14:39:33,2672,1.801681,6.167906,0.07906246,-2.4212482,-5.770088,0.7123035,2
2019-10-31 14:39:33,2682,5.18136,6.8085794,4.3577375,-2.6747808,-5.8446565,0.68354136,2
2019-10-31 14:39:33,2693,6.876336,6.7072706,8.323287,-2.848419,-4.6180058,0.32348225,2
2019-10-31 14:39:33,2702,5.2072306,6.5169787,9.839589,-3.0263178,-2.57057,-0.23311794,2
2019-10-31 14:39:33,2712,3.4224572,6.36063,9.649832,-3.07532,-0.814483,-0.760956,2
2019-10-31 14:39:33,2722,-3.3500736,6.232014,7.252296,-2.7919598,-0.040036432,-1.1108952,2
2019-10-31 14:39:33,2732,-7.332611,6.168473,5.625429,-2.0750375,-0.16733542,-1.3979837,2
2019-10-31 14:39:33,2743,-11.194124,6.6417284,4.2625213,-1.0427974,-1.212359,-1.4778785,2
2019-10-31 14:39:33,2753,-13.079998,7.2795644,3.9844356,-0.47021815,-1.8951929,-1.4262131,2
2019-10-31 14:39:33,2762,-15.650143,8.010567,3.766119,0.58865386,-3.0355575,-1.2057036,2
2019-10-31 14:39:33,2772,-16.49213,8.866264,3.6782613,1.4967909,-3.2597957,-0.9180823,2
2019-10-31 14:39:33,2782,-15.117422,11.66315,3.5907874,1.6395361,-2.71225,-0.88186336,2
2019-10-31 14:39:33,2793,-13.925049,14.148105,3.984304,1.5276835,-1.7370012,-0.9931834,2
2019-10-31 14:39:33,2802,-11.851797,15.735939,4.5224504,1.295456,-0.97800094,-1.0991772,2
2019-10-31 14:39:33,2812,-7.443248,15.58023,5.835266,1.1138285,-0.86241984,-1.2840004,2
2019-10-31 14:39:33,2824,-2.4102783,14.241722,8.749931,1.1218181,-0.7345882,-1.8134364,2
2019-10-31 14:39:33,2833,0.02958107,12.261153,11.970069,1.2203549,0.1533089,-2.4930744,2
2019-10-31 14:39:33,2842,-0.35462904,8.158419,14.973532,1.337534,1.932299,-2.9271693,2
2019-10-31 14:39:33,2852,-3.0135057,3.4046144,16.532333,1.6523193,4.0729465,-2.8046641,2
2019-10-31 14:39:33,2862,-5.628204,-0.42741442,16.491806,2.3809597,5.464713,-2.1356785,2
2019-10-31 14:39:33,2873,-6.80447,-3.376204,15.169391,3.4046779,5.705995,-1.0480446,2
2019-10-31 14:39:33,2882,-5.6953773,-5.647192,11.453152,4.4353204,4.464431,0.2489138,2
2019-10-31 14:39:33,2892,-2.2132423,-6.0933228,7.4808345,5.2491813,2.020183,1.4009962,2
2019-10-31 14:39:33,2903,4.3221145,-6.4669003,6.0258183,5.634807,-0.04802591,1.8286996,2
2019-10-31 14:39:33,2913,9.673089,-8.092112,5.3825502,5.2848682,-0.25681755,1.5629163,2
2019-10-31 14:39:33,2922,10.12927,-10.956975,3.2188554,4.115208,1.2505304,1.0089793,2
2019-10-31 14:39:33,2932,5.455521,-12.127603,0.49335217,1.6278182,3.8242068,0.7842088,2
2019-10-31 14:39:33,2943,-1.7497058,-12.766601,-0.57440424,0.90770024,4.407972,1.0478615,2
2019-10-31 14:39:33,2952,-6.634796,-12.63922,-0.67250466,-0.075537995,4.6615043,1.8095248,2
2019-10-31 14:39:33,2962,-7.583913,-12.64454,-0.35868943,-0.46702233,2.8047495,2.8625379,2
2019-10-31 14:39:33,2973,-3.1568003,-12.4102955,2.7257268,-0.30137387,2.1112633,2.9930327,2
2019-10-31 14:39:33,2982,3.3005242,-12.399777,5.9812613,0.2514979,1.4300272,2.7677295,2
2019-10-31 14:39:33,2992,7.0107484,-13.346628,6.6954265,0.73459494,1.8449473,2.0816996,2
2019-10-31 14:39:33,3003,5.828829,-14.094618,3.7027607,0.8448497,2.8377728,1.4175078,2
2019-10-31 14:39:33,3012,1.7712417,-14.370754,-0.6758907,0.3803948,3.6803963,1.058514,2
2019-10-31 14:39:34,3022,-1.5626223,-14.752547,-4.107204,-0.05263484,3.667613,1.1820846,2
2019-10-31 14:39:34,3032,-3.6458943,-14.014249,-6.5941973,-0.26888332,3.5573585,1.2843498,2
2019-10-31 14:39:34,3043,-3.260916,-12.426983,-8.565987,-0.61882234,3.0497603,1.3546573,2
2019-10-31 14:39:34,3052,-1.9993534,-11.566361,-9.606408,-0.79778665,2.200745,1.2918067,2
2019-10-31 14:39:34,3062,-0.59328985,-11.116452,-10.346918,-1.1759553,0.5559785,1.5016637,2
2019-10-31 14:39:34,3072,4.671823,-8.163527,-8.63978,-1.7661113,-0.24882808,1.802068,2
2019-10-31 14:39:34,3083,11.101616,-4.391245,-4.2880516,-2.4883597,-0.40062812,1.9213774,2
2019-10-31 14:39:34,3092,17.872194,-0.8466935,2.618001,-2.8995514,0.5575764,1.4670426,2
2019-10-31 14:39:34,3102,20.295504,0.33213758,5.443873,-2.6886294,1.9227116,0.5445245,2
2019-10-31 14:39:34,3113,22.17844,2.880815,6.479276,-1.9599893,2.1895602,-0.58625275,2
2019-10-31 14:39:34,3124,20.822498,2.8505578,4.317631,-1.1839447,0.8441323,-1.4411268,2
2019-10-31 14:39:34,3132,15.850752,4.7246513,-1.8670568,-0.9581088,-1.8951929,-1.6909311,2
2019-10-31 14:39:34,3142,10.421444,6.913457,-4.910846,-1.4651743,-4.0001535,-1.3521773,2
2019-10-31 14:39:34,3152,10.358618,6.4669795,-2.7089314,-2.4830337,-4.531187,-0.83658963,2
2019-10-31 14:39:34,3163,15.003101,5.928132,1.6797314,-3.589842,-3.9090736,-0.61341697,2
2019-10-31 14:39:34,3172,17.368706,6.808025,7.84303,-4.2044997,-2.5615153,-0.83286124,2
2019-10-31 14:39:34,3182,16.942806,7.55226,11.512857,-4.16615,-1.3737463,-1.2744131,2
2019-10-31 14:39:34,3192,12.806629,7.657566,11.852563,-3.6724002,-0.7191419,-1.7548469,2
2019-10-31 14:39:34,3203,6.326559,7.648508,10.0697155,-2.95388,-0.8538977,-2.0179667,2
2019-10-31 14:39:34,3212,0.7202878,7.5516663,8.374321,-2.0531995,-1.7977211,-1.961508,2
2019-10-31 14:39:34,3222,-1.7140298,7.645927,6.8064246,-1.0880711,-3.123442,-1.7931964,2
2019-10-31 14:39:34,3233,-2.8028476,6.7741394,5.398602,-0.3610286,-3.9713914,-1.6435269,2
2019-10-31 14:39:34,3242,-3.5334234,5.8300023,3.842012,-0.0036327147,-4.1514206,-1.5210216,2
2019-10-31 14:39:34,3252,-3.7753808,4.7247005,1.566153,-0.061156947,-3.7610018,-1.4762806,2
2019-10-31 14:39:34,3263,-4.3128977,3.0160966,-0.4459405,-0.50111073,-2.7463386,-1.6504511,2
2019-10-31 14:39:34,3272,-5.575654,1.5567636,-1.304357,-1.0758204,-1.4190199,-1.9945312,2
2019-10-31 14:39:34,3283,-8.378702,0.2651496,-0.86739206,-1.5109806,-0.056015383,-2.372167,2
2019-10-31 14:39:34,3292,-12.322327,0.24479961,-0.3575015,-1.5876796,0.9410713,-2.5857522,2
2019-10-31 14:39:34,3302,-16.37399,0.91388273,0.25244617,-1.1855426,1.0944693,-2.661386,2
2019-10-31 14:39:34,3313,-20.406105,1.6523199,1.7165828,-0.27900332,0.3983195,-2.5042598,2
2019-10-31 14:39:34,3322,-22.798424,3.7609138,3.8885245,0.99451923,-0.7042282,-1.894929,2
2019-10-31 14:39:34,3332,-21.935768,5.3554373,5.723691,2.0496626,-1.4962517,-1.124211,2
2019-10-31 14:39:34,3343,-16.883434,6.2385507,7.4714975,2.549804,-1.2922536,-0.61394954,2
2019-10-31 14:39:34,3352,-10.623624,7.864063,10.233736,2.7106588,-0.0730596,-0.41474536,2
2019-10-31 14:39:34,3362,-2.5816092,9.178062,12.365062,2.9354293,1.2760966,-0.6730717,2
2019-10-31 14:39:34,3372,2.4939694,8.69313,13.138258,3.338099,2.2263117,-1.2579015,2
2019-10-31 14:39:34,3382,2.7542987,6.5366964,12.947168,3.8046844,2.7616065,-1.5764153,2
2019-10-31 14:39:34,3392,1.1468906,4.185852,11.383894,4.241975,2.8968952,-1.4688237,2
2019-10-31 14:39:34,3403,-1.1843312,2.6405678,8.709858,4.5210743,2.120318,-0.56601274,2
2019-10-31 14:39:34,3412,-0.3354926,2.429988,6.090178,4.2355833,1.3213704,0.07208005,2
2019-10-31 14:39:34,3422,2.510418,1.8052807,4.531027,3.8781877,1.0939366,0.3176233,2
2019-10-31 14:39:34,3432,6.206991,0.6079178,4.0580482,1.9862794,1.783162,0.6659645,2
2019-10-31 14:39:34,3443,8.069254,-1.4825172,3.7564797,0.45336533,2.9325814,0.6095056,2
2019-10-31 14:39:34,3452,7.0701413,-3.825809,4.721507,-0.625214,3.7352574,0.6531814,2
2019-10-31 14:39:34,3462,3.3897817,-5.5327153,6.299905,-0.97568566,3.6537647,0.97489095,2
2019-10-31 14:39:34,3473,0.17703652,-7.2301855,6.819935,-0.9186941,3.3006299,1.200194,2
2019-10-31 14:39:34,3482,-0.67767143,-8.57775,6.615367,-0.24225175,1.5594567,1.8073943,2
2019-10-31 14:39:34,3492,2.6628907,-9.823929,5.926628,0.2951737,0.58527327,1.8745059,2
2019-10-31 14:39:34,3503,5.1092944,-10.703251,4.9246907,0.66375494,0.27261838,1.680628,2
2019-10-31 14:39:34,3512,6.0153646,-11.240532,4.3890905,0.8315339,0.7354754,1.2950026,2
2019-10-31 14:39:34,3522,6.650521,-13.201813,1.5057495,0.79531497,1.6121873,0.8380046,2
2019-10-31 14:39:34,3533,6.0863266,-13.802019,0.1325655,0.6270033,2.4601371,0.36556014,2
2019-10-31 14:39:34,3542,2.856567,-14.74003,-4.1030116,0.40968955,2.8968952,0.03905689,2
2019-10-31 14:39:34,3552,0.6892624,-15.174566,-5.9256735,0.27120528,3.0321834,-0.1031558,2
2019-10-31 14:39:34,3562,-0.32150197,-15.157438,-6.8854136,0.25362843,2.7770529,-0.07173052,2
2019-10-31 14:39:34,3573,-1.5286019,-14.42248,-9.814122,0.23818211,2.1331012,0.04651373,2
2019-10-31 14:39:34,3582,-0.5093212,-14.371009,-11.568611,0.041640986,1.2995324,0.23879379,2
2019-10-31 14:39:34,3592,1.1196795,-14.469329,-12.635465,-0.5186876,0.59166485,0.48273912,2
2019-10-31 14:39:34,3603,3.0318854,-13.981981,-12.819116,-1.4518585,0.24918263,0.7421309,2
2019-10-31 14:39:34,3612,5.635803,-13.507687,-10.853021,-2.4590652,0.49632373,0.8332109,2
2019-10-31 14:39:34,3622,7.758613,-11.657321,-6.6314397,-2.9762504,1.2862166,0.63666975,2
2019-10-31 14:39:34,3633,9.236992,-9.551763,-4.1176085,-2.9229872,1.8928843,0.26542538,2
2019-10-31 14:39:34,3642,10.163088,-7.725322,-3.0031497,-2.399943,1.8726442,-0.257619,2
2019-10-31 14:39:34,3652,9.5679455,-5.1493425,-2.0000978,-1.5296228,1.2180399,-0.7785328,2
2019-10-31 14:39:34,3662,8.114405,-2.6512942,-1.3200436,-0.53519917,0.065957285,-1.1002425,2
2019-10-31 14:39:34,3672,5.803095,-0.63684416,-1.3481393,0.38465586,-1.3588326,-1.2637604,2
2019-10-31 14:39:34,3683,2.6147182,1.3829083,-2.6340065,1.0046391,-3.1053321,-1.1726805,2
2019-10-31 14:39:34,3692,-0.27944326,3.5827732,-4.0022836,1.0525761,-4.7607512,-0.7519012,2
2019-10-31 14:39:34,3703,-0.6844213,4.780776,-5.334309,0.3196748,-5.8585052,-0.04403367,2
2019-10-31 14:39:34,3712,1.307518,5.251557,-4.726469,-0.9229551,-6.065699,0.69952035,2
2019-10-31 14:39:34,3722,2.8214717,5.258832,-4.1112123,-2.3663871,-5.5559707,1.2561203,2
2019-10-31 14:39:34,3733,9.208488,5.848259,-0.30705047,-3.6388445,-4.5365133,1.2641098,2
2019-10-31 14:39:34,3742,11.367866,4.887473,2.3216643,-4.4415207,-3.409465,0.84279823,2
2019-10-31 14:39:34,3753,12.067911,5.9948783,4.5677814,-4.5970488,-2.9631195,0.17061692,2
2019-10-31 14:39:34,3762,10.922825,5.7892246,6.7229953,-4.1160827,-3.2858944,-0.63685274,2
2019-10-31 14:39:34,3773,6.742388,4.503497,8.3245945,-3.2505558,-3.8382337,-1.108232,2
2019-10-31 14:39:34,3783,2.276873,4.4144197,9.475365,-1.8337555,-4.286176,-1.0070319,2
2019-10-31 14:39:34,3792,-1.1157327,3.8066053,9.102149,-1.5013933,-4.065667,-0.85469913,2
2019-10-31 14:39:34,3802,-3.6346436,3.8449888,7.1567707,-1.2292184,-3.1122565,-0.5889159,2
2019-10-31 14:39:34,3812,-5.96772,4.7957387,4.6703362,-1.7059238,-1.2485778,-0.39450538,2
2019-10-31 14:39:34,3823,-8.267787,5.663721,3.0729618,-2.2657197,-0.11140908,-0.35029694,2
2019-10-31 14:39:34,3832,-10.686391,6.8145237,2.6591105,-2.654541,0.5730227,-0.3913096,2
2019-10-31 14:39:34,3842,-12.798938,9.385206,5.627782,-2.4990125,0.5836754,-0.49730328,2
2019-10-31 14:39:34,3853,-12.318588,10.034819,9.023496,-1.7469366,-0.022992214,-0.6826591,2
2019-10-31 14:39:34,3862,-11.904403,10.6449175,12.201935,-0.57248336,-0.6339208,-0.8323286,2
2019-10-31 14:39:34,3872,-10.595005,11.213908,14.452408,0.6531023,-0.9172809,-0.91222334,2
2019-10-31 14:39:34,3882,-7.823558,11.170013,15.961264,1.7098436,-0.6248661,-1.1055688,2
2019-10-31 14:39:34,3893,-5.4439287,9.883068,16.743052,2.5519345,0.497389,-1.3575037,2
2019-10-31 14:39:34,3903,-4.7918835,9.1726265,16.568687,3.2060063,1.8848947,-1.5439247,2
2019-10-31 14:39:34,3912,-2.653897,6.7911882,13.422169,3.741834,2.6854403,-1.6445922,2
2019-10-31 14:39:34,3923,-1.2270663,4.7741847,11.25435,4.264878,2.7797158,-1.6408637,2
2019-10-31 14:39:34,3932,-0.1256895,3.5141134,9.90096,4.8273373,2.3498821,-1.6035795,2
2019-10-31 14:39:34,3942,0.049517155,1.5569534,8.366825,5.320021,1.7714441,-1.4922594,2
2019-10-31 14:39:34,3953,-0.4258082,0.34350395,5.9897504,5.4515815,1.3346862,-1.0363266,2
2019-10-31 14:39:34,3962,0.30612516,0.21282482,3.0886815,5.043053,1.0571849,-0.4136801,2
2019-10-31 14:39:34,3972,2.835815,0.7825918,1.154649,4.0981646,1.0161723,0.108831644,2
2019-10-31 14:39:34,3982,6.0996127,-0.3063221,1.5756197,2.8209133,1.6137851,0.44652018,2
2019-10-31 14:39:34,3992,7.6192307,-1.3845267,3.1996624,1.5324771,2.772259,0.69366133,2
2019-10-31 14:39:34,4003,8.189536,-2.6482143,5.04891,0.53006434,3.7608237,0.88168037,2
2019-10-31 14:39:34,4012,7.719134,-5.0751715,6.5907993,0.019803084,4.267357,1.0206971,2
2019-10-31 14:39:35,4022,5.909808,-7.4523497,7.3290577,0.015009395,4.059631,1.1501267,2
2019-10-31 14:39:35,4032,3.5782833,-9.305362,8.264076,0.49704114,3.264411,1.2758278,2
2019-10-31 14:39:35,4042,2.4664803,-11.805363,9.097715,1.3098371,2.4233854,1.4175078,2
2019-10-31 14:39:35,4053,2.201665,-14.10709,9.890309,2.2509975,1.9749094,1.4718363,2
2019-10-31 14:39:35,4063,3.0847573,-16.510353,10.5822,3.3141305,2.0649242,1.4729015,2
2019-10-31 14:39:35,4072,5.205151,-18.042233,9.184362,4.302695,2.3956885,1.3440046,2
2019-10-31 14:39:35,4082,7.861697,-18.539118,6.0134134,4.914156,2.927255,0.9839457,2
2019-10-31 14:39:35,4092,10.312008,-17.488861,1.8820844,5.143188,3.4124825,0.3565054,2
2019-10-31 14:39:35,4103,11.0153475,-16.477755,-0.44239593,5.100577,3.4140804,-0.46854118,2
2019-10-31 14:39:35,4112,12.301524,-13.312836,-7.3745832,4.76715,3.0332487,-1.4283437,2
2019-10-31 14:39:35,4122,9.604723,-13.765685,-10.317343,4.3208046,2.5687938,-2.1431353,2
2019-10-31 14:39:35,4133,4.103066,-11.866299,-13.242997,3.64596,1.5727725,-2.1979964,2
2019-10-31 14:39:35,4142,-0.75926685,-8.784512,-16.143354,2.29201,0.41376582,-1.5071732,2
2019-10-31 14:39:35,4152,-1.0052843,-5.946047,-15.5354,0.53379273,0.21456155,-0.72846544,2
2019-10-31 14:39:35,4162,2.351587,-4.3609085,-13.157531,-0.9959256,0.8356102,-0.29596847,2
2019-10-31 14:39:35,4174,6.0441456,-1.8841424,-10.786606,-1.863583,1.1061872,-0.44031167,2
2019-10-31 14:39:35,4182,9.252998,0.4051981,-8.871721,-2.0084586,0.23799735,-1.021413,2
2019-10-31 14:39:35,4193,10.899829,2.60925,-5.3010817,-1.653726,-1.1042347,-1.8821459,2
2019-10-31 14:39:35,4202,8.897722,3.282547,-3.3080468,-1.0156331,-2.022492,-2.602264,2
2019-10-31 14:39:35,4212,5.3162985,1.5526237,-4.9277277,-1.1333448,-3.5676568,-2.8573945,2
2019-10-31 14:39:35,4223,2.6403124,-0.12851715,-4.27649,-1.8918124,-4.070461,-2.3066533,2
2019-10-31 14:39:35,4232,1.8722754,-0.30584812,-2.808128,-2.7999494,-3.7396967,-1.2941206,2
2019-10-31 14:39:35,4242,5.293554,-1.0883665,1.688202,-3.5259264,-3.182564,-0.2847832,2
2019-10-31 14:39:35,4252,9.313099,-0.3776455,4.750531,-3.788514,-2.65153,0.19298747,2
2019-10-31 14:39:35,4262,11.26885,-0.63177395,6.1687837,-3.590375,-2.3591151,0.25157696,2
2019-10-31 14:39:35,4273,10.802826,-0.42512703,6.0477834,-3.0609388,-2.3916056,0.051307417,2
2019-10-31 14:39:35,4282,9.038524,0.16361523,5.223391,-2.3227112,-2.916248,-0.3513622,2
2019-10-31 14:39:35,4292,4.207842,-0.44271183,4.1414976,-1.5184375,-3.4424882,-0.40622327,2
2019-10-31 14:39:35,4303,0.03815794,-0.88581085,2.9477124,-0.6944561,-3.8179936,-0.057349466,2
2019-10-31 14:39:35,4312,-1.253742,-0.88010216,2.0301514,0.015542029,-4.0475574,0.40870333,2
2019-10-31 14:39:35,4322,-2.6070926,-0.3626232,-1.0176399,0.40968955,-3.9341073,0.7581098,2
2019-10-31 14:39:35,4333,-2.8522034,-0.01862526,-2.8019962,0.41927692,-3.4302378,0.8380046,2
2019-10-31 14:39:35,4342,-3.5280876,0.7176342,-4.361431,0.094371535,-2.784688,0.64625716,2
2019-10-31 14:39:35,4353,-5.070105,1.8024931,-5.3228045,-0.4734139,-1.9985234,0.23453274,2
2019-10-31 14:39:35,4362,-7.3649416,2.9695148,-5.5886755,-1.1967279,-1.128203,-0.31034955,2
2019-10-31 14:39:35,4372,-10.840717,4.4271994,-4.7499623,-1.8097872,-0.36653972,-0.82380646,2
2019-10-31 14:39:35,4383,-14.685169,5.5437374,-2.4977446,-2.0025997,-0.1199312,-1.0816004,2
2019-10-31 14:39:35,4392,-17.27476,6.288972,0.40258074,-1.627627,-0.4432387,-0.93725705,2
2019-10-31 14:39:35,4402,-17.005922,6.8597755,3.0554361,-0.88886666,-1.2325989,-0.47653064,2
2019-10-31 14:39:35,4413,-13.827993,7.651366,6.8448715,0.005422025,-1.679477,-0.051490508,2
2019-10-31 14:39:35,4423,-8.210624,8.6964,10.203708,0.9029066,-1.4227484,0.094450586,2
2019-10-31 14:39:35,4432,-5.0471287,9.328377,11.616458,1.7354099,-0.59823453,-0.17239793,2
2019-10-31 14:39:35,4442,3.4187908,10.291203,12.749381,2.4581912,0.32215315,-0.8323286,2
2019-10-31 14:39:35,4452,5.5369473,9.728511,11.641701,3.0089324,0.9820839,-1.5694911,2
2019-10-31 14:39:35,4463,4.07637,8.679777,10.224713,3.5112042,1.2665093,-2.052588,2
2019-10-31 14:39:35,4472,0.5841768,7.021282,8.96361,3.5990884,1.3027282,-2.006249,2
2019-10-31 14:39:35,4482,-3.087574,5.7114525,6.7026854,3.547956,1.2004629,-1.6413964,2
2019-10-31 14:39:35,4492,-5.197797,4.746806,4.0306416,3.0600653,0.9527892,-0.97560656,2
2019-10-31 14:39:35,4502,-4.7265043,4.242242,1.6479551,2.1162417,0.7306818,-0.2890443,2
2019-10-31 14:39:35,4512,-2.4230826,2.7247372,0.7088631,0.84378445,0.76583546,0.2808717,2
2019-10-31 14:39:35,4523,-0.030782223,0.39043045,2.0627093,-0.9964583,1.7251053,0.8886046,2
2019-10-31 14:39:35,4532,2.200094,-1.3264685,3.9738524,-1.8737029,2.2838356,1.1096467,2
2019-10-31 14:39:35,4542,4.679968,-3.761435,5.6099653,-2.1655848,2.4915624,1.1405393,2
2019-10-31 14:39:35,4553,6.7586594,-6.561981,7.31086,-2.2822313,2.410602,0.969032,2
2019-10-31 14:39:35,4562,8.683486,-8.91963,8.491182,-1.8049934,2.0239115,0.6425287,2
2019-10-31 14:39:35,4572,9.45351,-11.242508,9.011562,-1.0225574,1.9605285,0.23719591,2
2019-10-31 14:39:35,4583,8.339433,-13.858908,6.628557,-0.1575633,2.3621325,-0.11487369,2
2019-10-31 14:39:35,4592,7.243497,-14.607491,4.6758065,0.5423148,2.8654697,-0.32206744,2
2019-10-31 14:39:35,4602,4.557843,-16.49936,-2.4945166,0.9455171,3.1424382,-0.3668085,2
2019-10-31 14:39:35,4612,3.1048238,-16.983242,-7.042846,0.94818026,3.0231287,-0.2842506,2
2019-10-31 14:39:35,4622,2.6154847,-16.880203,-8.989733,0.6355254,2.335501,-0.15748423,2
2019-10-31 14:39:35,4633,2.3089821,-14.649266,-12.412802,0.1678747,1.0475975,-0.021663131,2
2019-10-31 14:39:35,4642,0.7565987,-13.30419,-13.002162,-0.44891283,-0.47945762,0.2824696,2
2019-10-31 14:39:35,4652,1.3060832,-11.069616,-13.012779,-1.4768922,-1.6597697,0.81936246,2
2019-10-31 14:39:35,4662,3.3919237,-11.274981,-10.517421,-2.728044,-1.8360707,1.3519942,2
2019-10-31 14:39:35,4673,6.22763,-9.696332,-7.2098036,-3.9467056,-1.1335294,1.6907479,2
2019-10-31 14:39:35,4683,7.9859667,-8.886576,-5.1654105,-4.7456536,-0.07146171,1.612451,2
2019-10-31 14:39:35,4692,11.938154,-6.8955717,0.29850435,-4.8958554,0.8521218,1.1309519,2
2019-10-31 14:39:35,4702,12.93671,-5.091352,2.739714,-4.3126235,1.0934039,0.35384226,2
2019-10-31 14:39:35,4712,11.895272,-3.2448945,4.0164795,-3.1365726,0.48141006,-0.42113695,2
2019-10-31 14:39:35,4723,9.496395,-1.5822072,4.655764,-1.6505302,-0.75056714,-0.94631183,2
2019-10-31 14:39:35,4732,7.1148143,0.16892242,4.8041477,-0.23213173,-2.0544498,-1.112493,2
2019-10-31 14:39:35,4742,5.579444,1.3998327,4.456158,0.82354444,-2.5769615,-1.1119604,2
2019-10-31 14:39:35,4752,3.882718,2.6903524,2.5303645,1.2816076,-2.093332,-1.0267392,2
2019-10-31 14:39:35,4762,1.5132673,5.0055037,-1.0793867,0.99451923,-1.1953146,-0.9564318,2
2019-10-31 14:39:35,4773,-1.5228176,7.111392,-4.74858,0.12632942,-0.5044913,-0.8786676,2
2019-10-31 14:39:35,4782,-5.247268,9.982423,-7.2283406,-0.985273,-0.8395167,-0.6288633,2
2019-10-31 14:39:35,4792,-7.3729963,13.46508,-7.2388153,-1.9653156,-3.2368922,0.038524255,2
2019-10-31 14:39:35,4803,-4.212259,14.43446,-2.36943,-2.551743,-6.2483916,0.8230909,2
2019-10-31 14:39:35,4812,3.4444287,12.924559,5.1023173,-2.6896946,-7.7759795,1.2720994,2
2019-10-31 14:39:35,4822,12.907622,11.610462,12.51671,-2.5426881,-7.463857,1.0894067,2
2019-10-31 14:39:35,4832,18.08406,9.389589,18.207426,-2.051602,-5.2097597,0.2004443,2
2019-10-31 14:39:35,4843,15.67486,7.4621706,19.485792,-1.4145744,-2.44913,-0.9500402,2
2019-10-31 14:39:35,4852,7.5597773,5.7849293,16.82702,-0.6449213,-0.8016998,-1.6840068,2
2019-10-31 14:39:35,4862,-0.900728,3.5311546,12.656677,0.21314842,-0.40542182,-1.9913355,2
2019-10-31 14:39:35,4872,-7.4648576,1.1020346,8.267166,1.1361992,-0.85176724,-2.058447,2
2019-10-31 14:39:35,4883,-12.91491,-0.5737505,4.5008817,1.9298205,-1.6906621,-1.9433986,2
2019-10-31 14:39:35,4892,-17.367353,-1.609765,1.4669068,2.3830903,-2.4480646,-1.5977206,2
2019-10-31 14:39:35,4902,-19.766891,-2.1235123,-0.46787763,2.4491365,-2.7431428,-1.1029056,2
2019-10-31 14:39:35,4913,-20.649,-1.7327366,-1.225731,2.0198355,-2.2190332,-0.32206744,2
2019-10-31 14:39:35,4922,-20.927946,0.16104221,-1.0093722,1.804652,-1.8653654,-0.10102527,2
2019-10-31 14:39:35,4932,-19.307997,2.58148,-0.5073439,1.2107675,-0.9220746,0.19618325,2
2019-10-31 14:39:35,4942,-15.520152,4.4638042,0.25958347,1.0914581,-0.7644156,0.115755856,2
2019-10-31 14:39:35,4953,-11.130062,6.5851297,1.5611503,1.0035738,-0.74204504,-0.3412422,2
2019-10-31 14:39:35,4962,-7.1127863,8.169856,3.3551729,1.0094328,-0.5241987,-1.4789436,2
2019-10-31 14:39:35,4972,-4.7296333,8.1089,4.968393,0.96628976,-0.19023858,-1.8693627,2
2019-10-31 14:39:35,4985,-3.3739464,6.0367146,6.286637,0.7889234,0.74559546,-2.456323,2
2019-10-31 14:39:35,4992,-3.8767197,4.320265,7.8658056,0.45709375,2.4979537,-2.729563,2
2019-10-31 14:39:35,5002,-5.149803,2.3691988,9.391245,0.36494845,3.856165,-2.4312892,2
2019-10-31 14:39:35,5012,-6.4338007,1.9380226,9.612993,0.39477584,4.8228917,-1.7143669,2
2019-10-31 14:39:36,5025,-5.9312277,2.8088818,8.165917,0.41341797,4.8250227,-0.82433915,2
2019-10-31 14:39:36,5033,-3.1117587,4.1003113,7.3012657,0.30422845,3.8886554,-0.19423583,2
2019-10-31 14:39:36,5042,0.963984,3.0003366,8.55955,-0.028133774,3.2010276,-0.0046189157,2
2019-10-31 14:39:36,5053,3.509008,0.08083725,10.635849,-0.6561066,3.562152,-0.031783137,2
2019-10-31 14:39:36,5063,4.376743,-4.389727,12.422628,-1.4859469,5.0806856,0.0001747696,2
2019-10-31 14:39:36,5072,2.5680025,-9.336394,12.68109,-2.3152544,7.638916,0.37301698,2
2019-10-31 14:39:36,5083,-1.236769,-10.680366,10.085257,-2.8734524,9.836022,1.165573,2
2019-10-31 14:39:36,5092,-3.1554084,-9.45244,5.003357,-2.9224548,9.840816,1.8707775,2
2019-10-31 14:39:36,5102,-3.6115205,-9.072028,1.5137701,-2.2715788,7.6208067,2.37518,2
2019-10-31 14:39:36,5112,-2.5037293,-9.016257,1.383132,-0.86756134,4.436201,2.8540158,2
2019-10-31 14:39:36,5123,0.67917967,-9.889365,1.5757816,0.82194656,1.7735747,3.21514,2
2019-10-31 14:39:36,5132,5.1032567,-10.452528,0.5714307,2.121568,0.3967216,3.2918391,2
2019-10-31 14:39:36,5142,8.938118,-11.30278,-0.8776274,2.7458124,0.20763734,3.0596116,2
2019-10-31 14:39:36,5152,11.10832,-11.965652,-3.0731964,2.6776357,0.88141656,2.5850368,2
2019-10-31 14:39:36,5163,11.378244,-12.325714,-5.724199,2.103991,1.9157875,2.0002072,2
2019-10-31 14:39:36,5172,10.389353,-11.884424,-8.703049,1.3497845,2.4601371,1.4414762,2
2019-10-31 14:39:36,5182,8.276373,-10.635665,-10.73431,0.5998391,2.0111284,1.0569161,2
2019-10-31 14:39:36,5193,7.4903345,-10.182057,-11.26211,0.25096527,1.4460062,0.9546509,2
2019-10-31 14:39:36,5202,6.877801,-8.465284,-10.901009,-0.8409298,-1.1239421,0.8827456,2
2019-10-31 14:39:36,5212,9.270533,-7.907936,-8.268627,-2.087288,-2.7058582,0.8928656,2
2019-10-31 14:39:36,5223,12.599122,-8.064572,-3.7125344,-2.505404,-2.6275618,0.89925724,2
2019-10-31 14:39:36,5232,15.471753,-6.6320143,2.1498287,-3.0774505,-1.5830706,0.7357393,2
2019-10-31 14:39:36,5242,18.17153,-4.799198,7.15211,-2.9730546,-0.2190007,0.19245483,2
2019-10-31 14:39:36,5252,18.410126,-2.5706916,8.547667,-1.7485344,-0.08317961,-1.1295372,2
2019-10-31 14:39:36,5262,14.216382,-0.5661197,6.6784306,-0.94426036,-1.3247442,-1.7234217,2
2019-10-31 14:39:36,5272,7.908022,0.7258463,2.6533225,-0.71309817,-3.2688503,-1.7681627,2
2019-10-31 14:39:36,5283,2.090819,2.7865572,0.24021482,-0.8558435,-4.2393045,-1.57535,2
2019-10-31 14:39:36,5292,-0.45417023,4.510415,0.3045385,-2.2081954,-6.3613095,-0.28371796,2
2019-10-31 14:39:36,5302,1.8497913,4.8365955,4.09455,-3.3453643,-6.303786,0.740533,2
2019-10-31 14:39:36,5312,8.526174,5.9085855,11.161599,-4.0180783,-4.813482,1.0734277,2
2019-10-31 14:39:36,5322,15.821554,7.15366,17.938282,-3.9728045,-2.6493995,0.6084403,2
2019-10-31 14:39:36,5333,16.787695,8.014272,19.907795,-3.7453709,-1.6911949,0.23772852,2
2019-10-31 14:39:36,5342,13.08219,8.968817,17.542059,-2.495284,-0.5838534,-0.9212781,2
2019-10-31 14:39:36,5352,8.988431,9.879862,12.257358,-1.5056543,-1.546319,-1.7559122,2
2019-10-31 14:39:36,5363,3.0340533,7.912962,6.851813,-0.8142982,-2.7862859,-2.0840132,2
2019-10-31 14:39:36,5372,-3.6816068,5.438865,3.5027895,-0.5959192,-3.1948144,-2.0094447,2
2019-10-31 14:39:36,5383,-8.931156,3.8960085,1.8499002,-0.19484751,-3.712,-0.9005055,2
2019-10-31 14:39:36,5392,-10.610283,2.7681646,1.1862717,0.001693602,-3.5341008,-0.058414727,2
2019-10-31 14:39:36,5402,-8.57119,2.0331135,0.26582766,0.033651505,-2.8502016,0.19405273,2
2019-10-31 14:39:36,5412,-5.5080147,3.0334473,-2.1671262,-0.17141172,-1.7726874,-0.13245054,2
2019-10-31 14:39:36,5422,-5.5080147,3.0334473,-2.1671262,-0.5692876,-0.5945061,-0.66401696,2
2019-10-31 14:39:36,5433,-9.088234,4.43023,-5.12673,-1.0859406,0.32002264,-1.1556362,2
2019-10-31 14:39:36,5442,-12.523619,4.769369,-5.3591404,-1.5503954,0.8425344,-1.546588,2
2019-10-31 14:39:36,5452,-16.85077,4.8776083,-3.7238874,-1.6851512,0.8665029,-1.6078407,2
2019-10-31 14:39:36,5463,-18.593075,4.7102337,-2.5057197,-1.4779575,0.5101722,-1.2131604,2
2019-10-31 14:39:36,5472,-19.604303,2.9882755,2.4945664,-1.0214921,0.3178921,-0.5649475,2
2019-10-31 14:39:36,5482,-16.499334,2.047532,6.198974,-0.4228139,0.61403537,-0.04509893,2
2019-10-31 14:39:36,5492,-12.765598,2.0392904,9.630007,0.30902213,1.3538609,0.22441272,2
2019-10-31 14:39:36,5503,-8.565992,1.6867867,11.603894,1.2299423,2.195419,0.15410534,2
2019-10-31 14:39:36,5512,-5.536689,1.1233397,11.077318,2.289347,2.7626717,-0.1500274,2
2019-10-31 14:39:36,5522,-3.9608672,0.84481335,7.839939,3.1511452,2.757878,-0.4925096,2
2019-10-31 14:39:36,5532,-3.6078753,0.7678833,4.203984,3.4270484,2.6625369,-0.7028991,2
2019-10-31 14:39:36,5543,-3.3735251,0.70658493,1.8786263,3.1596673,2.854817,-0.75083596,2
2019-10-31 14:39:36,5552,-3.2139697,0.5335293,1.3275394,2.6371555,3.359752,-0.694377,2
2019-10-31 14:39:36,5562,-3.4235926,0.51167965,1.2229662,2.0469997,3.949908,-0.47972643,2
2019-10-31 14:39:36,5572,-3.976568,0.25861168,1.4872661,1.4504519,4.5310097,-0.07758947,2
2019-10-31 14:39:36,5583,-4.032192,0.37643814,2.0439806,0.87414443,4.9885406,0.4603686,2
2019-10-31 14:39:36,5592,-2.9814124,1.3189487,1.994328,0.29251057,4.918233,0.8827456,2
2019-10-31 14:39:36,5602,-1.1073296,1.8845711,2.5641413,-0.24704544,4.3168917,1.104853,2
2019-10-31 14:39:36,5613,0.55317974,1.6927156,4.646398,-0.57408124,3.5760005,1.1836824,2
2019-10-31 14:39:36,5622,1.7381619,0.80506897,6.508411,-0.5985824,2.8351097,1.1687688,2
2019-10-31 14:39:36,5632,2.4354796,-0.5237093,6.6839805,-0.5027086,2.251878,1.1645077,2
2019-10-31 14:39:36,5642,3.2765434,-1.8986135,5.136821,-0.6577045,2.069718,1.1581162,2
2019-10-31 14:39:36,5652,4.1807594,-3.4735823,3.1041694,-1.1711617,2.39196,1.0233604,2
2019-10-31 14:39:36,5663,4.287838,-4.980708,1.6796551,-1.8603871,3.1035562,0.79219824,2
2019-10-31 14:39:36,5672,3.5387294,-6.480876,0.8921695,-2.3930187,3.818348,0.6180277,2
2019-10-31 14:39:36,5682,2.5825891,-7.963045,0.0043330193,-2.6492145,4.1624284,0.63187605,2
2019-10-31 14:39:36,5692,1.9985003,-9.462638,-0.7728381,-2.6460187,4.1341987,0.785274,2
2019-10-31 14:39:36,5703,2.6202798,-9.713795,-0.95487976,-2.3354945,3.6473732,0.91470355,2
2019-10-31 14:39:36,5712,4.779325,-8.682264,-0.26249886,-1.6563892,2.6561453,0.8763541,2
2019-10-31 14:39:36,5722,6.694748,-8.386447,0.022933483,-0.36528966,1.0800881,0.56103605,2
2019-10-31 14:39:36,5732,8.5265,-8.338244,0.23909473,0.21048525,0.7194964,0.25796854,2
2019-10-31 14:39:36,5743,9.235254,-8.604187,0.04890728,0.39158005,0.92988604,-0.026989449,2
2019-10-31 14:39:36,5752,9.126563,-8.586572,-1.0069857,0.32446843,1.1669072,-0.11540632,2
2019-10-31 14:39:36,5762,8.330127,-8.660382,-2.5209107,-0.41056338,1.8348273,-0.17399582,2
2019-10-31 14:39:36,5772,7.406717,-8.549816,-3.353973,-0.746654,1.9663874,-0.1484295,2
2019-10-31 14:39:36,5783,6.4948945,-7.7805567,-2.3884783,-1.3538543,2.1341662,-0.076524206,2
2019-10-31 14:39:36,5792,5.439519,-6.5731096,0.25333166,-1.5253618,2.3781116,0.1130927,2
2019-10-31 14:39:36,5803,4.65671,-4.7635202,2.1997547,-1.3453321,2.3237832,0.1700843,2
2019-10-31 14:39:36,5812,5.0671124,-2.5494008,3.2629795,-0.42228127,1.7006042,0.09658111,2
2019-10-31 14:39:36,5822,6.5349746,-0.489326,2.626,0.18278839,1.0326838,-0.25868428,2
2019-10-31 14:39:36,5833,6.760185,0.1628766,1.9827595,0.49757382,0.2188226,-0.7806633,2
2019-10-31 14:39:36,5843,6.08723,1.1218667,0.6540284,0.3202074,-0.6211376,-1.2808048,2
2019-10-31 14:39:36,5852,4.0089874,2.2113223,0.71215296,-0.23958859,-1.1409863,-1.4895964,2
2019-10-31 14:39:36,5862,1.1852314,1.4760137,2.8111734,-0.95438033,-1.3274075,-1.3756131,2
2019-10-31 14:39:36,5872,0.65432817,1.2687845,5.3705792,-1.4992627,-0.9588262,-1.0666866,2
2019-10-31 14:39:36,5883,0.94131964,0.804214,6.6401415,-1.7884818,-0.23284912,-0.75296646,2
2019-10-31 14:39:36,5892,0.7982439,0.06103754,5.902914,-1.8928776,0.43134266,-0.45948642,2
2019-10-31 14:39:36,5902,1.0380142,0.054553986,3.8721242,-1.9035302,0.782347,-0.27626112,2
2019-10-31 14:39:36,5912,2.8817985,-0.023318768,1.5820265,-1.8843555,0.74453014,-0.4003643,2
2019-10-31 14:39:36,5923,3.2462308,-0.90847063,-0.5346947,-1.8300271,0.33387104,-0.7673475,2
2019-10-31 14:39:36,5932,1.0051814,-1.9018946,-2.0933099,-1.7362839,-0.26640496,-1.0091624,2
2019-10-31 14:39:36,5942,-0.23035789,-2.1229844,-2.6199446,-1.6675744,-0.89597565,-0.9521707,2
2019-10-31 14:39:36,5952,-2.8949692,-2.0659175,-2.155467,-1.5967344,-1.3551042,-0.5985033,2
2019-10-31 14:39:36,5962,-3.0403283,-1.8740034,-0.9435983,-1.4273574,-1.4270095,-0.09463368,2
2019-10-31 14:39:36,5973,-1.6276423,-1.0428753,0.44692707,-1.1743574,-1.1228768,0.322417,2
2019-10-31 14:39:36,5982,-0.1528086,-0.542274,1.4829979,-0.8068413,-0.4118134,0.53706765,2
2019-10-31 14:39:36,5992,0.33370963,-0.030285358,1.2186556,-0.3642244,0.31949002,0.5956571,2
